{
    "criteria": {
      "requirement": {
        "trigger": "minecraft:item_used_on_block",
        "conditions": {
          "player": [
            {
              "condition": "minecraft:entity_properties",
              "entity": "this",
              "predicate": {}
            }
          ],
          "location": [
            {
              "condition": "minecraft:any_of",
              "terms": [
                {
                  "condition": "minecraft:block_state_property",
                  "block": "minecraft:warped_button",
                  "properties": {
                    "powered": "true"
                  }
                },
                {
                  "condition": "minecraft:block_state_property",
                  "block": "minecraft:spruce_button",
                  "properties": {
                    "powered": "true"
                  }
                },
                {
                  "condition": "minecraft:block_state_property",
                  "block": "minecraft:oak_button",
                  "properties": {
                    "powered": "true"
                  }
                },
                {
                  "condition": "minecraft:block_state_property",
                  "block": "minecraft:jungle_button",
                  "properties": {
                    "powered": "true"
                  }
                },
                {
                  "condition": "minecraft:block_state_property",
                  "block": "minecraft:dark_oak_button",
                  "properties": {
                    "powered": "true"
                  }
                },
                {
                  "condition": "minecraft:block_state_property",
                  "block": "minecraft:crimson_button",
                  "properties": {
                    "powered": "true"
                  }
                },
                {
                  "condition": "minecraft:block_state_property",
                  "block": "minecraft:birch_button",
                  "properties": {
                    "powered": "true"
                  }
                },
                {
                  "condition": "minecraft:block_state_property",
                  "block": "minecraft:stone_button",
                  "properties": {
                    "powered": "true"
                  }
                },
                {
                  "condition": "minecraft:block_state_property",
                  "block": "minecraft:polished_blackstone_button",
                  "properties": {
                    "powered": "true"
                  }
                }
              ]
            },
            {
              "condition": "minecraft:location_check",
              "predicate": {
                "position": {
                    "x":-920.5,
                    "y":61.5,
                    "z":-199.5
                },
                "dimension": "minecraft:lodahr"
              }
            }
          ]
        }
      }
    },
    "rewards": {
      "function": "core:scene/khive_facility/right_button"
    }
  }
  