{
    "criteria": {
      "requirement": {
        "trigger": "minecraft:player_interacted_with_entity",
        "conditions": {
          "entity": [
            {
              "condition": "minecraft:entity_properties",
              "entity": "this",
              "predicate": {
                "type": "minecraft:villager",
                "nbt": "{Tags:[\"mb50_pickup\"]}"
              }
            }
          ]
        }
      }
    },
    "rewards": {
      "function": "core:scene/exodus/fragment/take"
    }
  }
  