
  {
    "condition": "minecraft:any_of",
    "terms": [
      {
        "condition": "minecraft:entity_properties",
        "entity": "this",
        "predicate": {
          "location": {
            "position": {
              "x": {
                "min": 4274,
                "max": 4275
              },
              "y": {
                "min": 31,
                "max": 32
              },
              "z": {
                "min": -921,
                "max": -920
              }
            },
            "dimension": "minecraft:overworld"
          }
        }
      },
      {
        "condition": "minecraft:location_check",
        "predicate": {
          "position": {
            "x": {
              "min": -14,
              "max": -13
            },
            "y": {
              "min": 72,
              "max": 73
            },
            "z": {
              "min": -1655,
              "max": -1654
            }
          },
          "dimension": "minecraft:lodahr"
        }
      }
    ]
  }
  