
  {
    "condition": "minecraft:any_of",
    "terms": [
      {
        "condition": "minecraft:entity_properties",
        "entity": "this",
        "predicate": {
          "location": {
            "position": {
              "x": {
                "min": 3260,
                "max": 3261
              },
              "y": {
                "min": 86,
                "max": 87
              },
              "z": {
                "min": 3371,
                "max": 3372
              }
            },
            "dimension": "minecraft:overworld"
          }
        }
      },
      {
        "condition": "minecraft:location_check",
        "predicate": {
          "position": {
            "x": {
              "min": 9,
              "max": 10
            },
            "y": {
              "min": 66,
              "max": 67
            },
            "z": {
              "min": -1710,
              "max": -1709
            }
          },
          "dimension": "minecraft:lodahr"
        }
      }
    ]
  }
  