{
  "criteria": {
    "requirement": {
      "trigger": "minecraft:location",
      "conditions": {
        "player": [
          {
            "condition": "minecraft:location_check",
            "predicate": {
                "position": {
                  "x": {
                    "min": 4455,
                    "max": 4467
                  },
                  "y": {
                    "min": 53,
                    "max": 64
                  },
                  "z": {
                    "min": -3176,
                    "max": -3165
                  }
                },
                "dimension": "minecraft:overworld"
              }
            }
        ]
      }
    }
  },
  "rewards": {
    "function": "core:scene/misc/magnify_puzzle"
  }
}
