{
    "criteria": {
      "requirement": {
        "trigger": "minecraft:location",
        "conditions": {
          "player": [
            {
              "condition": "minecraft:location_check",
              "predicate": {
                "position": {
                    "x": {
                        "min":1142,
                        "max":1145
                    },
                    "y": {
                        "min":133,
                        "max":138
                    },
                    "z": {
                        "min":1023,
                        "max":1026
                  }
                },
                "dimension": "minecraft:lodahr"
              }
            }
          ]
        }
      }
    },
    "rewards": {
      "function": "core:scene/rihelma_puzzle/detection/blue"
    }
  }
  