[
    {
        "condition":"any_of",
        "terms":[
            {
                "condition":"entity_properties",
                "entity":"this",
                "predicate": {
                    "player":{
                        "gamemode":"adventure"
                    }
                }
            },
            {
                "condition":"entity_properties",
                "entity":"this",
                "predicate": {
                    "player":{
                        "gamemode":"survival"
                    }
                }
            }
        ]
    }
]