{
  "criteria": {
    "requirement": {
      "trigger": "minecraft:location",
      "conditions": {
        "player": [
          {
            "condition": "minecraft:reference",
            "name": "players:is_not_dev"
          },
          {
            "condition": "minecraft:location_check",
            "predicate": {
              "position": {
                "x": {
                  "min": 10061,
                  "max": 10200
                },
                "y": {
                  "min": 0,
                  "max": 60
                },
                "z": {
                  "min": 9750,
                  "max": 9896
                }
              },
              "dimension": "minecraft:true_end"
            }
          }
        ]
      }
    }
  },
  "rewards": {
    "function": "core:scene/emissary/killplanes/6"
  }
}
