[
    {
        "function":"set_lore",
        "conditions":[
            {
                "condition":"entity_properties",
                "entity":"this",
                "predicate": {
                    "equipment": {
                        "mainhand": {
                            "nbt":"{VitalityEnch:1b}"
                        }
                    }
                }
            }
        ],
        "lore": [
            {"text":"+4 Max Health","color":"aqua","italic":false}
        ],
        "replace":"false"
    },


    {
        "function":"set_lore",
        "conditions":[
            {
                "condition":"inverted",
                "term": {
                    "condition":"entity_properties",
                    "entity":"this",
                    "predicate": {
                        "equipment": {
                            "mainhand": {
                                "nbt":"{SpeedEnch:1b}"
                            }
                        }
                    }
                }
            }
        ],
        "lore": [
            {"text":"+0.02 Movement Speed","color":"blue","italic":false}
        ],
        "replace":"false"
    },
    {
        "function":"set_lore",
        "conditions":[
            {
                "condition":"entity_properties",
                "entity":"this",
                "predicate": {
                    "equipment": {
                        "mainhand": {
                            "nbt":"{SpeedEnch:1b}"
                        }
                    }
                }
            }
        ],
        "lore": [
            {"text":"+0.03 Movement Speed","color":"aqua","italic":false}
        ],
        "replace":"false"
    },
    {
        "function":"set_lore",
        "lore": [
            {"text":"100 Ability Damage","color":"blue","italic":false},
            {"text":"20 Ranged Damage","color":"blue","italic":false}
        ],
        "replace":"false"
    },


    {
        "function":"set_lore",
        "conditions":[
            {
                "condition":"entity_properties",
                "entity":"this",
                "predicate": {
                    "equipment": {
                        "mainhand": {
                            "nbt":"{CooldownEnch:1b}"
                        }
                    }
                }
            }
        ],
        "lore": [
            {"text":"-25% Cooldown Time","color":"aqua","italic":false}
        ],
        "replace":"false"
    },


    {
        "function": "set_lore",
        "lore": [
            {"text":"Unbreakable","color":"blue","italic":false},
            {"text":" "}
        ],
        "replace":"false"
    }
]