{
    "criteria": {
      "requirement": {
        "trigger": "minecraft:item_used_on_block",
        "conditions": {
          "player": [
            {
              "condition": "minecraft:entity_properties",
              "entity": "this",
              "predicate": {}
            }
          ],
          "location": [
            {
              "condition": "minecraft:block_state_property",
              "block": "minecraft:lever",
              "properties": {
                "powered": "true"
              }
            },
            {
              "condition": "minecraft:location_check",
              "predicate": {
                "position": {
                    "x":-191.5,
                    "y":131.5,
                    "z":201.5
                },
                "dimension": "minecraft:space"
              }
            }
          ]
        }
      }
    },
    "rewards": {
      "function": "core:scene/shuttle/resummon_lever"
    }
  }
  