{
    "type": "minecraft:crafting_shaped",
    "pattern": [
        "#N#",
        "GDG",
        "#C#"
    ],
    "key": {
        "#": {
            "item": "minecraft:amethyst_shard"
        },
        "N": {
            "item": "minecraft:netherite_scrap"
        },
        "G": {
            "item": "minecraft:glowstone_dust"
        },
        "D": {
            "item": "minecraft:diamond_leggings"
        },
        "C": {
            "item": "minecraft:clock"
        }
    },
    "result": {
        "item": "minecraft:witch_spawn_egg",
      "count": 1
    },
    "show_notification": true
  }