{
    "type": "minecraft:crafting_shaped",
    "pattern": [
        "#gW",
        "VPV",
        "AgA"
    ],
    "key": {
        "#": {
            "item": "minecraft:crimson_fungus"
        },
        "g": {
            "item": "minecraft:gold_ingot"
        },
        "W": {
            "item": "minecraft:warped_fungus"
        },
        "V": {
            "item": "minecraft:honey_bottle"
        },
        "P": {
            "item": "minecraft:jigsaw"
        },
        "A": {
            "item": "minecraft:amethyst_shard"
        }
    },
    "result": {
        "item": "minecraft:zombie_spawn_egg",
      "count": 1
    },
    "show_notification": true
  }