{
    "type": "minecraft:crafting_shaped",
    "pattern": [
        "#I#",
        "IDI",
        "#G#"
    ],
    "key": {
        "#": {
            "item": "minecraft:quartz"
        },
        "I": {
            "item": "minecraft:iron_block"
        },
        "D": {
            "item": "minecraft:diamond_axe"
        },
        "G": {
            "item": "minecraft:golden_apple"
        }
    },
    "result": {
        "item": "minecraft:pufferfish_spawn_egg",
      "count": 1
    },
    "show_notification": true
  }