{
    "type": "minecraft:crafting_shaped",
    "pattern": [
        "gOg",
        "DRD",
        "gEg"
    ],
    "key": {
        "g": {
            "item": "minecraft:gold_ingot"
        },
        "O": {
            "item": "minecraft:obsidian"
        },
        "D": {
            "item": "minecraft:diamond"
        },
        "R": {
            "item": "minecraft:diamond_sword"
        },
        "E": {
            "item": "minecraft:ender_pearl"
        }
    },
    "result": {
        "item": "minecraft:blaze_spawn_egg",
      "count": 1
    },
    "show_notification": true
  }