{
    "type": "minecraft:crafting_shaped",
    "pattern": [
        "#M#",
        "DND",
        "///"
    ],
    "key": {
        "#": {
            "item": "minecraft:magma_block"
        },
        "M": {
            "item": "minecraft:magma_cream"
        },
        "D": {
            "item": "minecraft:diamond_block"
        },
        "N": {
            "item": "minecraft:netherite_sword"
        },
        "/": {
            "item": "minecraft:blaze_rod"
        }
    },
    "result": {
        "item": "minecraft:pig_spawn_egg",
      "count": 1
    },
    "show_notification": true
  }