{
    "type": "minecraft:crafting_shaped",
    "pattern": [
        "#S#",
        "DOD",
        "WWW"
    ],
    "key": {
        "#": {
            "item": "minecraft:nautilus_shell"
        },
        "S": {
            "item": "minecraft:scute"
        },
        "D": {
            "item": "minecraft:diamond"
        },
        "O": {
            "item": "minecraft:diamond_sword"
        },
        "W": {
            "item": "minecraft:water_bucket"
        }
    },
    "result": {
        "item": "minecraft:guardian_spawn_egg",
      "count": 1
    },
    "show_notification": true
  }