{
    "type": "minecraft:crafting_shaped",
    "pattern": [
        "#L#",
        "ADA",
        "#O#"
    ],
    "key": {
        "#": {
            "item": "minecraft:quartz"
        },
        "L": {
            "item": "minecraft:lightning_rod"
        },
        "A": {
            "item": "minecraft:amethyst_shard"
        },
        "D": {
            "item": "minecraft:diamond_chestplate"
        },
        "O": {
            "item": "minecraft:diamond"
        }
    },
    "result": {
        "item": "minecraft:evoker_spawn_egg",
      "count": 1
    },
    "show_notification": true
  }