{
    "type": "minecraft:crafting_shaped",
    "pattern": [
        "cEc",
        "ILI",
        "RDR"
    ],
    "key": {
        "c": {
            "item": "minecraft:copper_ingot"
        },
        "E": {
            "item": "minecraft:ender_pearl"
        },
        "I": {
            "item": "minecraft:iron_block"
        },
        "L": {
            "item": "minecraft:leather_horse_armor"
        },
        "R": {
            "item": "minecraft:repeater"
        },
        "D": {
            "item": "minecraft:diamond"
        }
    },
    "result": {
        "item": "minecraft:goat_spawn_egg",
      "count": 1
    },
    "show_notification": true
  }