{
    "type": "minecraft:crafting_shaped",
    "pattern": [
        "#g#",
        "DND",
        "iSi"
    ],
    "key": {
        "#": {
            "item": "minecraft:redstone_block"
        },
        "g": {
            "item": "minecraft:gold_ingot"
        },
        "D": {
            "item": "minecraft:diamond_block"
        },
        "N": {
            "item": "minecraft:netherite_sword"
        },
        "i": {
            "item": "minecraft:iron_ingot"
        },
        "S": {
            "item": "minecraft:sea_lantern"
        }
    },
    "result": {
        "item": "minecraft:dolphin_spawn_egg",
      "count": 1
    },
    "show_notification": true
  }