[
    {
        "condition":"minecraft:any_of",
        "terms": [
            {
                "condition": "minecraft:location_check",
                "predicate": {
                    "block": {
                        "blocks": [
                            "cobweb"
                        ]
                    }
                }
            },
            {
                "condition": "minecraft:location_check",
                "offsetX": 0,
                "offsetY": 1,
                "offsetZ": 0,
                "predicate": {
                    "block": {
                        "blocks": [
                            "cobweb"
                        ]
                    }
                }
            }
        ]
      
    }
  ]
  