{
    "condition": "minecraft:any_of",
    "terms": [
      {
        "condition": "minecraft:entity_scores",
        "entity": "this",
        "scores": {
          "frostfang_timer": {
            "min": 1
          }
        }
      },
      {
        "condition": "minecraft:entity_scores",
        "entity": "this",
        "scores": {
          "hovad_timer": {
            "min": 1
          }
        }
      },
      {
        "condition": "minecraft:entity_scores",
        "entity": "this",
        "scores": {
          "vt_timer": {
            "min": 1
          }
        }
      },
      {
        "condition": "minecraft:entity_scores",
        "entity": "this",
        "scores": {
          "mal_effect": {
            "min": 1
          }
        }
      },
      {
        "condition": "minecraft:entity_scores",
        "entity": "this",
        "scores": {
          "vt_timer2": {
            "min": 1
          }
        }
      },
      {
        "condition": "minecraft:entity_scores",
        "entity": "this",
        "scores": {
          "stunArrowTime": {
            "min": 1
          }
        }
      }
    ]
  }
  