[
    {"condition":"location_check","offsetX":-2,"offsetY":0,"offsetZ":-2,"predicate": {"block": {"tag":"entities:generic_spawn_inside"}}},
    {"condition":"location_check","offsetX":-2,"offsetY":0,"offsetZ":-1,"predicate": {"block": {"tag":"entities:generic_spawn_inside"}}},
    {"condition":"location_check","offsetX":-2,"offsetY":0,"offsetZ":0,"predicate": {"block": {"tag":"entities:generic_spawn_inside"}}},
    {"condition":"location_check","offsetX":-2,"offsetY":0,"offsetZ":1,"predicate": {"block": {"tag":"entities:generic_spawn_inside"}}},
    {"condition":"location_check","offsetX":-2,"offsetY":0,"offsetZ":2,"predicate": {"block": {"tag":"entities:generic_spawn_inside"}}},
    {"condition":"location_check","offsetX":-1,"offsetY":0,"offsetZ":-2,"predicate": {"block": {"tag":"entities:generic_spawn_inside"}}},
    {"condition":"location_check","offsetX":-1,"offsetY":0,"offsetZ":-1,"predicate": {"block": {"tag":"entities:generic_spawn_inside"}}},
    {"condition":"location_check","offsetX":-1,"offsetY":0,"offsetZ":0,"predicate": {"block": {"tag":"entities:generic_spawn_inside"}}},
    {"condition":"location_check","offsetX":-1,"offsetY":0,"offsetZ":1,"predicate": {"block": {"tag":"entities:generic_spawn_inside"}}},
    {"condition":"location_check","offsetX":-1,"offsetY":0,"offsetZ":2,"predicate": {"block": {"tag":"entities:generic_spawn_inside"}}},
    {"condition":"location_check","offsetX":0,"offsetY":0,"offsetZ":-2,"predicate": {"block": {"tag":"entities:generic_spawn_inside"}}},
    {"condition":"location_check","offsetX":0,"offsetY":0,"offsetZ":-1,"predicate": {"block": {"tag":"entities:generic_spawn_inside"}}},
    {"condition":"location_check","offsetX":0,"offsetY":0,"offsetZ":0,"predicate": {"block": {"tag":"entities:generic_spawn_inside"}}},
    {"condition":"location_check","offsetX":0,"offsetY":0,"offsetZ":1,"predicate": {"block": {"tag":"entities:generic_spawn_inside"}}},
    {"condition":"location_check","offsetX":0,"offsetY":0,"offsetZ":2,"predicate": {"block": {"tag":"entities:generic_spawn_inside"}}},
    {"condition":"location_check","offsetX":1,"offsetY":0,"offsetZ":-2,"predicate": {"block": {"tag":"entities:generic_spawn_inside"}}},
    {"condition":"location_check","offsetX":1,"offsetY":0,"offsetZ":-1,"predicate": {"block": {"tag":"entities:generic_spawn_inside"}}},
    {"condition":"location_check","offsetX":1,"offsetY":0,"offsetZ":0,"predicate": {"block": {"tag":"entities:generic_spawn_inside"}}},
    {"condition":"location_check","offsetX":1,"offsetY":0,"offsetZ":1,"predicate": {"block": {"tag":"entities:generic_spawn_inside"}}},
    {"condition":"location_check","offsetX":1,"offsetY":0,"offsetZ":2,"predicate": {"block": {"tag":"entities:generic_spawn_inside"}}},
    {"condition":"location_check","offsetX":2,"offsetY":0,"offsetZ":-2,"predicate": {"block": {"tag":"entities:generic_spawn_inside"}}},
    {"condition":"location_check","offsetX":2,"offsetY":0,"offsetZ":-1,"predicate": {"block": {"tag":"entities:generic_spawn_inside"}}},
    {"condition":"location_check","offsetX":2,"offsetY":0,"offsetZ":0,"predicate": {"block": {"tag":"entities:generic_spawn_inside"}}},
    {"condition":"location_check","offsetX":2,"offsetY":0,"offsetZ":1,"predicate": {"block": {"tag":"entities:generic_spawn_inside"}}},
    {"condition":"location_check","offsetX":2,"offsetY":0,"offsetZ":2,"predicate": {"block": {"tag":"entities:generic_spawn_inside"}}},
    
    {"condition":"location_check","offsetX":-2,"offsetY":1,"offsetZ":-2,"predicate": {"block": {"tag":"entities:generic_spawn_inside"}}},
    {"condition":"location_check","offsetX":-2,"offsetY":1,"offsetZ":-1,"predicate": {"block": {"tag":"entities:generic_spawn_inside"}}},
    {"condition":"location_check","offsetX":-2,"offsetY":1,"offsetZ":0,"predicate": {"block": {"tag":"entities:generic_spawn_inside"}}},
    {"condition":"location_check","offsetX":-2,"offsetY":1,"offsetZ":1,"predicate": {"block": {"tag":"entities:generic_spawn_inside"}}},
    {"condition":"location_check","offsetX":-2,"offsetY":1,"offsetZ":2,"predicate": {"block": {"tag":"entities:generic_spawn_inside"}}},
    {"condition":"location_check","offsetX":-1,"offsetY":1,"offsetZ":-2,"predicate": {"block": {"tag":"entities:generic_spawn_inside"}}},
    {"condition":"location_check","offsetX":-1,"offsetY":1,"offsetZ":-1,"predicate": {"block": {"tag":"entities:generic_spawn_inside"}}},
    {"condition":"location_check","offsetX":-1,"offsetY":1,"offsetZ":0,"predicate": {"block": {"tag":"entities:generic_spawn_inside"}}},
    {"condition":"location_check","offsetX":-1,"offsetY":1,"offsetZ":1,"predicate": {"block": {"tag":"entities:generic_spawn_inside"}}},
    {"condition":"location_check","offsetX":-1,"offsetY":1,"offsetZ":2,"predicate": {"block": {"tag":"entities:generic_spawn_inside"}}},
    {"condition":"location_check","offsetX":0,"offsetY":1,"offsetZ":-2,"predicate": {"block": {"tag":"entities:generic_spawn_inside"}}},
    {"condition":"location_check","offsetX":0,"offsetY":1,"offsetZ":-1,"predicate": {"block": {"tag":"entities:generic_spawn_inside"}}},
    {"condition":"location_check","offsetX":0,"offsetY":1,"offsetZ":0,"predicate": {"block": {"tag":"entities:generic_spawn_inside"}}},
    {"condition":"location_check","offsetX":0,"offsetY":1,"offsetZ":1,"predicate": {"block": {"tag":"entities:generic_spawn_inside"}}},
    {"condition":"location_check","offsetX":0,"offsetY":1,"offsetZ":2,"predicate": {"block": {"tag":"entities:generic_spawn_inside"}}},
    {"condition":"location_check","offsetX":1,"offsetY":1,"offsetZ":-2,"predicate": {"block": {"tag":"entities:generic_spawn_inside"}}},
    {"condition":"location_check","offsetX":1,"offsetY":1,"offsetZ":-1,"predicate": {"block": {"tag":"entities:generic_spawn_inside"}}},
    {"condition":"location_check","offsetX":1,"offsetY":1,"offsetZ":0,"predicate": {"block": {"tag":"entities:generic_spawn_inside"}}},
    {"condition":"location_check","offsetX":1,"offsetY":1,"offsetZ":1,"predicate": {"block": {"tag":"entities:generic_spawn_inside"}}},
    {"condition":"location_check","offsetX":1,"offsetY":1,"offsetZ":2,"predicate": {"block": {"tag":"entities:generic_spawn_inside"}}},
    {"condition":"location_check","offsetX":2,"offsetY":1,"offsetZ":-2,"predicate": {"block": {"tag":"entities:generic_spawn_inside"}}},
    {"condition":"location_check","offsetX":2,"offsetY":1,"offsetZ":-1,"predicate": {"block": {"tag":"entities:generic_spawn_inside"}}},
    {"condition":"location_check","offsetX":2,"offsetY":1,"offsetZ":0,"predicate": {"block": {"tag":"entities:generic_spawn_inside"}}},
    {"condition":"location_check","offsetX":2,"offsetY":1,"offsetZ":1,"predicate": {"block": {"tag":"entities:generic_spawn_inside"}}},
    {"condition":"location_check","offsetX":2,"offsetY":1,"offsetZ":2,"predicate": {"block": {"tag":"entities:generic_spawn_inside"}}},
    
    {"condition":"location_check","offsetX":-2,"offsetY":2,"offsetZ":-2,"predicate": {"block": {"tag":"entities:generic_spawn_inside"}}},
    {"condition":"location_check","offsetX":-2,"offsetY":2,"offsetZ":-1,"predicate": {"block": {"tag":"entities:generic_spawn_inside"}}},
    {"condition":"location_check","offsetX":-2,"offsetY":2,"offsetZ":0,"predicate": {"block": {"tag":"entities:generic_spawn_inside"}}},
    {"condition":"location_check","offsetX":-2,"offsetY":2,"offsetZ":1,"predicate": {"block": {"tag":"entities:generic_spawn_inside"}}},
    {"condition":"location_check","offsetX":-2,"offsetY":2,"offsetZ":2,"predicate": {"block": {"tag":"entities:generic_spawn_inside"}}},
    {"condition":"location_check","offsetX":-1,"offsetY":2,"offsetZ":-2,"predicate": {"block": {"tag":"entities:generic_spawn_inside"}}},
    {"condition":"location_check","offsetX":-1,"offsetY":2,"offsetZ":-1,"predicate": {"block": {"tag":"entities:generic_spawn_inside"}}},
    {"condition":"location_check","offsetX":-1,"offsetY":2,"offsetZ":0,"predicate": {"block": {"tag":"entities:generic_spawn_inside"}}},
    {"condition":"location_check","offsetX":-1,"offsetY":2,"offsetZ":1,"predicate": {"block": {"tag":"entities:generic_spawn_inside"}}},
    {"condition":"location_check","offsetX":-1,"offsetY":2,"offsetZ":2,"predicate": {"block": {"tag":"entities:generic_spawn_inside"}}},
    {"condition":"location_check","offsetX":0,"offsetY":2,"offsetZ":-2,"predicate": {"block": {"tag":"entities:generic_spawn_inside"}}},
    {"condition":"location_check","offsetX":0,"offsetY":2,"offsetZ":-1,"predicate": {"block": {"tag":"entities:generic_spawn_inside"}}},
    {"condition":"location_check","offsetX":0,"offsetY":2,"offsetZ":0,"predicate": {"block": {"tag":"entities:generic_spawn_inside"}}},
    {"condition":"location_check","offsetX":0,"offsetY":2,"offsetZ":1,"predicate": {"block": {"tag":"entities:generic_spawn_inside"}}},
    {"condition":"location_check","offsetX":0,"offsetY":2,"offsetZ":2,"predicate": {"block": {"tag":"entities:generic_spawn_inside"}}},
    {"condition":"location_check","offsetX":1,"offsetY":2,"offsetZ":-2,"predicate": {"block": {"tag":"entities:generic_spawn_inside"}}},
    {"condition":"location_check","offsetX":1,"offsetY":2,"offsetZ":-1,"predicate": {"block": {"tag":"entities:generic_spawn_inside"}}},
    {"condition":"location_check","offsetX":1,"offsetY":2,"offsetZ":0,"predicate": {"block": {"tag":"entities:generic_spawn_inside"}}},
    {"condition":"location_check","offsetX":1,"offsetY":2,"offsetZ":1,"predicate": {"block": {"tag":"entities:generic_spawn_inside"}}},
    {"condition":"location_check","offsetX":1,"offsetY":2,"offsetZ":2,"predicate": {"block": {"tag":"entities:generic_spawn_inside"}}},
    {"condition":"location_check","offsetX":2,"offsetY":2,"offsetZ":-2,"predicate": {"block": {"tag":"entities:generic_spawn_inside"}}},
    {"condition":"location_check","offsetX":2,"offsetY":2,"offsetZ":-1,"predicate": {"block": {"tag":"entities:generic_spawn_inside"}}},
    {"condition":"location_check","offsetX":2,"offsetY":2,"offsetZ":0,"predicate": {"block": {"tag":"entities:generic_spawn_inside"}}},
    {"condition":"location_check","offsetX":2,"offsetY":2,"offsetZ":1,"predicate": {"block": {"tag":"entities:generic_spawn_inside"}}},
    {"condition":"location_check","offsetX":2,"offsetY":2,"offsetZ":2,"predicate": {"block": {"tag":"entities:generic_spawn_inside"}}},
    
    {"condition":"location_check","offsetX":-2,"offsetY":3,"offsetZ":-2,"predicate": {"block": {"tag":"entities:generic_spawn_inside"}}},
    {"condition":"location_check","offsetX":-2,"offsetY":3,"offsetZ":-1,"predicate": {"block": {"tag":"entities:generic_spawn_inside"}}},
    {"condition":"location_check","offsetX":-2,"offsetY":3,"offsetZ":0,"predicate": {"block": {"tag":"entities:generic_spawn_inside"}}},
    {"condition":"location_check","offsetX":-2,"offsetY":3,"offsetZ":1,"predicate": {"block": {"tag":"entities:generic_spawn_inside"}}},
    {"condition":"location_check","offsetX":-2,"offsetY":3,"offsetZ":2,"predicate": {"block": {"tag":"entities:generic_spawn_inside"}}},
    {"condition":"location_check","offsetX":-1,"offsetY":3,"offsetZ":-2,"predicate": {"block": {"tag":"entities:generic_spawn_inside"}}},
    {"condition":"location_check","offsetX":-1,"offsetY":3,"offsetZ":-1,"predicate": {"block": {"tag":"entities:generic_spawn_inside"}}},
    {"condition":"location_check","offsetX":-1,"offsetY":3,"offsetZ":0,"predicate": {"block": {"tag":"entities:generic_spawn_inside"}}},
    {"condition":"location_check","offsetX":-1,"offsetY":3,"offsetZ":1,"predicate": {"block": {"tag":"entities:generic_spawn_inside"}}},
    {"condition":"location_check","offsetX":-1,"offsetY":3,"offsetZ":2,"predicate": {"block": {"tag":"entities:generic_spawn_inside"}}},
    {"condition":"location_check","offsetX":0,"offsetY":3,"offsetZ":-2,"predicate": {"block": {"tag":"entities:generic_spawn_inside"}}},
    {"condition":"location_check","offsetX":0,"offsetY":3,"offsetZ":-1,"predicate": {"block": {"tag":"entities:generic_spawn_inside"}}},
    {"condition":"location_check","offsetX":0,"offsetY":3,"offsetZ":0,"predicate": {"block": {"tag":"entities:generic_spawn_inside"}}},
    {"condition":"location_check","offsetX":0,"offsetY":3,"offsetZ":1,"predicate": {"block": {"tag":"entities:generic_spawn_inside"}}},
    {"condition":"location_check","offsetX":0,"offsetY":3,"offsetZ":2,"predicate": {"block": {"tag":"entities:generic_spawn_inside"}}},
    {"condition":"location_check","offsetX":1,"offsetY":3,"offsetZ":-2,"predicate": {"block": {"tag":"entities:generic_spawn_inside"}}},
    {"condition":"location_check","offsetX":1,"offsetY":3,"offsetZ":-1,"predicate": {"block": {"tag":"entities:generic_spawn_inside"}}},
    {"condition":"location_check","offsetX":1,"offsetY":3,"offsetZ":0,"predicate": {"block": {"tag":"entities:generic_spawn_inside"}}},
    {"condition":"location_check","offsetX":1,"offsetY":3,"offsetZ":1,"predicate": {"block": {"tag":"entities:generic_spawn_inside"}}},
    {"condition":"location_check","offsetX":1,"offsetY":3,"offsetZ":2,"predicate": {"block": {"tag":"entities:generic_spawn_inside"}}},
    {"condition":"location_check","offsetX":2,"offsetY":3,"offsetZ":-2,"predicate": {"block": {"tag":"entities:generic_spawn_inside"}}},
    {"condition":"location_check","offsetX":2,"offsetY":3,"offsetZ":-1,"predicate": {"block": {"tag":"entities:generic_spawn_inside"}}},
    {"condition":"location_check","offsetX":2,"offsetY":3,"offsetZ":0,"predicate": {"block": {"tag":"entities:generic_spawn_inside"}}},
    {"condition":"location_check","offsetX":2,"offsetY":3,"offsetZ":1,"predicate": {"block": {"tag":"entities:generic_spawn_inside"}}},
    {"condition":"location_check","offsetX":2,"offsetY":3,"offsetZ":2,"predicate": {"block": {"tag":"entities:generic_spawn_inside"}}}
    
]