{
    "condition":"any_of",
    "terms": [
        {
            "condition":"reference",
            "name":"entities:biomes/dahr"
        },
        {
            "condition":"reference",
            "name":"entities:biomes/khive"
        },
        {
            "condition":"reference",
            "name":"entities:biomes/lahr"
        },
        {
            "condition":"reference",
            "name":"entities:biomes/lai"
        },
        {
            "condition":"reference",
            "name":"entities:biomes/loe"
        },
        {
            "condition":"reference",
            "name":"entities:biomes/maen"
        },
        {
            "condition":"reference",
            "name":"entities:biomes/nahyn"
        },
        {
            "condition":"reference",
            "name":"entities:biomes/noha"
        },
        {
            "condition":"reference",
            "name":"entities:biomes/palaesida"
        },
        {
            "condition":"reference",
            "name":"entities:biomes/rihelma"
        },
        {
            "condition":"reference",
            "name":"entities:biomes/taihgel"
        },
        {
            "condition":"reference",
            "name":"entities:biomes/vayniklah"
        },
        {
            "condition":"reference",
            "name":"entities:biomes/voynaihla"
        }
    ]
}