{
    "criteria": {
        "requirement": {
            "trigger": "minecraft:inventory_changed",
            "conditions": {
                "items": [
                    {
                        "nbt":"{Aeongale:1b}"
                    }
                ]
            }
        }
    },
    "rewards": {
        "recipes": [
            "weapons:aeongale"
        ],
        "function":"weapons:aeongale"
    },
    "display": {
        "title": {
            "text": "Aeongale",
            "color": "dark_purple"
        },
        "description": {
            "color": "gray",
            "text": "Recipe for Aeongale, gift to Rihelma’s chosen, unlocked."
        },
        "icon": {
            "item": "minecraft:witch_spawn_egg"
        },
        "frame": "task",
        "show_toast": true,
        "announce_to_chat": true,
        "hidden": true
    },
    "parent": "weapons:legendary_armor"
}