{
    "display": {
        "title": {
            "text": "Avsohmic Playback Organizer Device",
            "color": "dark_purple"
        },
        "description": {
            "text": "Recipe for the AvPOD, portable audio recording and playback apparatus, unlocked.",
            "color": "gray"
        },
        "icon": {
            "item": "minecraft:ravager_spawn_egg"
        },
        "frame": "task",
        "show_toast": true,
        "announce_to_chat": true,
        "hidden": true
    },
    "criteria": {
        "requirement": {
            "trigger": "minecraft:inventory_changed",
            "conditions": {
                "items": [
                    {
                        "nbt":"{AvPod:1b}"
                    }
                ]
            }
        }
    },
    "rewards": {
        "recipes": [
            "weapons:avpod"
        ],
        "function":"weapons:avpod"
    },
    "parent": "weapons:legendary_gear"
}