{
    "display": {
        "title": {
            "text": "Crystal Digging Claws",
            "color": "dark_purple"
        },
        "description": {
            "text": "Recipe for the Crystal Digging Claw, tool of pride, unlocked.",
            "color": "gray"
        },
        "icon": {
            "item": "minecraft:cat_spawn_egg"
        },
        "frame": "task",
        "show_toast": true,
        "announce_to_chat": true,
        "hidden": true
    },
    "criteria": {
        "requirement": {
            "trigger": "minecraft:inventory_changed",
            "conditions": {
                "items": [
                    {
                        "nbt":"{CrystalClaw:1b}"
                    }
                ]
            }
        }
    },
    "rewards": {
        "recipes": [
            "weapons:crystalclaw"
        ],
        "function":"weapons:crystalclaw"
    },
    "parent": "weapons:heartaxe"
}