{
    "criteria": {
        "requirement": {
            "trigger": "minecraft:inventory_changed",
            "conditions": {
                "items": [
                    {
                        "nbt":"{Frostfang:1b}"
                    }
                ]
            }
        }
    },
    "rewards": {
        "recipes": [
            "weapons:frostfang"
        ],
        "function":"weapons:frostfang"
    },
    "display": {
        "title": {
            "color": "dark_purple",
            "text": "The Frostfang"
        },
        "description": {
            "color": "gray",
            "text": "Recipe for the Frostfang, the signature weapon of Homli Tahsgan, unlocked."
        },
        "icon": {
            "item": "minecraft:squid_spawn_egg"
        },
        "frame": "task",
        "show_toast": true,
        "announce_to_chat": true,
        "hidden": true
    },
    "parent": "weapons:osteogenesis"
}