{
    "rewards": {
        "recipes": [
            "weapons:oblivion"
        ],
        "function":"weapons:oblivion"
    },
    "display": {
        "title": {
            "color": "gold",
            "text": "Oblivion"
        },
        "description": {
            "text": "Recipe for Oblivion, scythe of the Pawn of Nothing, unlocked.",
            "color": "gray"
        },
        "icon": {
            "item": "minecraft:sheep_spawn_egg"
        },
        "frame": "task",
        "show_toast": true,
        "announce_to_chat": true,
        "hidden": true
    },
    "criteria": {
        "requirement": {
            "trigger": "minecraft:inventory_changed",
            "conditions": {
                "items": [
                    {
                        "nbt":"{Oblivion:1b}"
                    }
                ]
            }
        }
    },
    "parent": "weapons:malevolentia"
}