{
    "display": {
        "title": {
            "text": "Zenith",
            "color": "gold"
        },
        "description": {
            "text": "Recipe for Zenith, laser gun-sword of Avsohm, unlocked.",
            "color": "gray"
        },
        "icon": {
            "item": "minecraft:warped_fungus_on_a_stick",
      "nbt": "{CustomModelData:2}"
        },
        "frame": "task",
        "show_toast": true,
        "announce_to_chat": true,
        "hidden": true
    },
    "criteria": {
        "requirement": {
            "trigger": "minecraft:inventory_changed",
            "conditions": {
                "items": [
                    {
                        "nbt":"{AvSaber:1b}"
                    }
                ]
            }
        }
    },
    "rewards": {
        "recipes": [
            "weapons:zenith"
        ],
        "function":"weapons:zenith"
    },
    "parent": "weapons:calamity"
}